{
  "accuracy": 0.6595,
  "threshold": 0.4843948185443878,
  "auc": 0.7176328333333333,
  "tar_at_far": {
    "0.001": 0.028666666666666667,
    "0.01": 0.102,
    "0.1": 0.35533333333333333
  }
}